일시,구분,위도,경도,미세먼지,초미세먼지,주된먼지
2022-12-31 23:00,강남구,37.5172,127.0473,57,44,미세먼지
2022-12-31 23:00,강동구,37.5301,127.1238,68,55,미세먼지
2022-12-31 23:00,강북구,37.6398,127.025,59,42,미세먼지
2022-12-31 23:00,강서구,37.5509,126.8495,62,40,미세먼지
2022-12-31 23:00,관악구,37.4784,126.9516,57,38,미세먼지
2022-12-31 23:00,광진구,37.5388,127.0826,54,46,초미세먼지
2022-12-31 23:00,구로구,37.4954,126.8874,64,43,미세먼지
2022-12-31 23:00,금천구,37.4569,126.8955,43,35,초미세먼지
2022-12-31 23:00,노원구,37.6543,127.0568,66,51,미세먼지
2022-12-31 23:00,도봉구,37.6688,127.0467,61,49,미세먼지
2022-12-31 23:00,동대문구,37.5744,127.0395,71,59,미세먼지
2022-12-31 23:00,동작구,37.5124,126.9391,63,48,미세먼지
2022-12-31 23:00,마포구,37.5663,126.9014,57,52,초미세먼지
2022-12-31 23:00,서대문구,37.5792,126.9368,59,44,미세먼지
2022-12-31 23:00,서초구,37.4836,127.0327,52,47,초미세먼지
2022-12-31 23:00,성동구,37.5633,127.0369,61,40,미세먼지
2022-12-31 23:00,성북구,37.5894,127.0164,66,52,미세먼지
2022-12-31 23:00,송파구,37.5145,127.1059,49,33,미세먼지
2022-12-31 23:00,양천구,37.5168,126.8665,48,39,초미세먼지
2022-12-31 23:00,영등포구,37.526,126.8961,48,32,미세먼지
2022-12-31 23:00,용산구,37.5311,126.981,54,41,미세먼지
2022-12-31 23:00,은평구,37.6027,126.9292,48,34,미세먼지
2022-12-31 23:00,종로구,37.5735,126.979,77,67,미세먼지
2022-12-31 23:00,중구,37.5636,126.9978,64,62,초미세먼지
2022-12-31 23:00,중랑구,37.6063,127.0927,66,50,미세먼지
2022-12-31 22:00,강남구,37.5172,127.0473,54,42,미세먼지
2022-12-31 22:00,강동구,37.5301,127.1238,65,49,미세먼지
2022-12-31 22:00,강북구,37.6398,127.025,53,40,미세먼지
2022-12-31 22:00,강서구,37.5509,126.8495,57,36,미세먼지
2022-12-31 22:00,관악구,37.4784,126.9516,60,40,미세먼지
2022-12-31 22:00,광진구,37.5388,127.0826,51,44,초미세먼지
2022-12-31 22:00,구로구,37.4954,126.8874,66,49,미세먼지
2022-12-31 22:00,금천구,37.4569,126.8955,38,32,초미세먼지
2022-12-31 22:00,노원구,37.6543,127.0568,67,52,미세먼지
2022-12-31 22:00,도봉구,37.6688,127.0467,54,43,미세먼지
2022-12-31 22:00,동대문구,37.5744,127.0395,71,62,초미세먼지
2022-12-31 22:00,동작구,37.5124,126.9391,54,41,미세먼지
2022-12-31 22:00,마포구,37.5663,126.9014,69,66,초미세먼지
2022-12-31 22:00,서대문구,37.5792,126.9368,52,45,초미세먼지
2022-12-31 22:00,서초구,37.4836,127.0327,56,45,미세먼지
2022-12-31 22:00,성동구,37.5633,127.0369,58,40,미세먼지
2022-12-31 22:00,성북구,37.5894,127.0164,64,47,미세먼지
2022-12-31 22:00,송파구,37.5145,127.1059,57,43,미세먼지
2022-12-31 22:00,양천구,37.5168,126.8665,49,37,미세먼지
2022-12-31 22:00,영등포구,37.526,126.8961,47,30,미세먼지
2022-12-31 22:00,용산구,37.5311,126.981,61,50,미세먼지
2022-12-31 22:00,은평구,37.6027,126.9292,43,27,미세먼지
2022-12-31 22:00,종로구,37.5735,126.979,76,66,미세먼지
2022-12-31 22:00,중구,37.5636,126.9978,63,62,초미세먼지
2022-12-31 22:00,중랑구,37.6063,127.0927,55,44,미세먼지
2022-12-31 21:00,강남구,37.5172,127.0473,52,39,미세먼지
2022-12-31 21:00,강동구,37.5301,127.1238,69,51,미세먼지
2022-12-31 21:00,강북구,37.6398,127.025,59,45,미세먼지
2022-12-31 21:00,강서구,37.5509,126.8495,53,34,미세먼지
2022-12-31 21:00,관악구,37.4784,126.9516,63,44,미세먼지
2022-12-31 21:00,광진구,37.5388,127.0826,51,41,미세먼지
2022-12-31 21:00,구로구,37.4954,126.8874,56,40,미세먼지
2022-12-31 21:00,금천구,37.4569,126.8955,37,32,초미세먼지
2022-12-31 21:00,노원구,37.6543,127.0568,67,54,미세먼지
2022-12-31 21:00,도봉구,37.6688,127.0467,51,46,초미세먼지
2022-12-31 21:00,동대문구,37.5744,127.0395,65,53,미세먼지
2022-12-31 21:00,동작구,37.5124,126.9391,45,33,미세먼지
2022-12-31 21:00,마포구,37.5663,126.9014,51,48,초미세먼지
2022-12-31 21:00,서대문구,37.5792,126.9368,44,35,초미세먼지
2022-12-31 21:00,서초구,37.4836,127.0327,54,48,초미세먼지
2022-12-31 21:00,성동구,37.5633,127.0369,59,39,미세먼지
2022-12-31 21:00,성북구,37.5894,127.0164,68,52,미세먼지
2022-12-31 21:00,송파구,37.5145,127.1059,62,49,미세먼지
2022-12-31 21:00,양천구,37.5168,126.8665,51,36,미세먼지
2022-12-31 21:00,영등포구,37.526,126.8961,45,32,미세먼지
2022-12-31 21:00,용산구,37.5311,126.981,65,55,미세먼지
2022-12-31 21:00,은평구,37.6027,126.9292,40,28,미세먼지
2022-12-31 21:00,종로구,37.5735,126.979,76,62,미세먼지
2022-12-31 21:00,중구,37.5636,126.9978,67,62,초미세먼지
2022-12-31 21:00,중랑구,37.6063,127.0927,51,39,미세먼지
2022-12-31 20:00,강남구,37.5172,127.0473,51,38,미세먼지
2022-12-31 20:00,강동구,37.5301,127.1238,66,53,미세먼지
2022-12-31 20:00,강북구,37.6398,127.025,60,46,미세먼지
2022-12-31 20:00,강서구,37.5509,126.8495,57,33,미세먼지
2022-12-31 20:00,관악구,37.4784,126.9516,65,43,미세먼지
2022-12-31 20:00,광진구,37.5388,127.0826,53,41,미세먼지
2022-12-31 20:00,구로구,37.4954,126.8874,56,35,미세먼지
2022-12-31 20:00,금천구,37.4569,126.8955,35,29,초미세먼지
2022-12-31 20:00,노원구,37.6543,127.0568,66,52,미세먼지
2022-12-31 20:00,도봉구,37.6688,127.0467,53,45,초미세먼지
2022-12-31 20:00,동대문구,37.5744,127.0395,63,50,미세먼지
2022-12-31 20:00,동작구,37.5124,126.9391,50,34,미세먼지
2022-12-31 20:00,마포구,37.5663,126.9014,41,35,초미세먼지
2022-12-31 20:00,서대문구,37.5792,126.9368,51,36,미세먼지
2022-12-31 20:00,서초구,37.4836,127.0327,51,45,초미세먼지
2022-12-31 20:00,성동구,37.5633,127.0369,63,44,미세먼지
2022-12-31 20:00,성북구,37.5894,127.0164,69,50,미세먼지
2022-12-31 20:00,송파구,37.5145,127.1059,59,48,미세먼지
2022-12-31 20:00,양천구,37.5168,126.8665,54,41,미세먼지
2022-12-31 20:00,영등포구,37.526,126.8961,47,33,미세먼지
2022-12-31 20:00,용산구,37.5311,126.981,65,53,미세먼지
2022-12-31 20:00,은평구,37.6027,126.9292,38,28,미세먼지
2022-12-31 20:00,종로구,37.5735,126.979,71,59,미세먼지
2022-12-31 20:00,중구,37.5636,126.9978,69,59,미세먼지
2022-12-31 20:00,중랑구,37.6063,127.0927,54,39,미세먼지
2022-12-31 19:00,강남구,37.5172,127.0473,58,40,미세먼지
2022-12-31 19:00,강동구,37.5301,127.1238,67,52,미세먼지
2022-12-31 19:00,강북구,37.6398,127.025,67,52,미세먼지
2022-12-31 19:00,강서구,37.5509,126.8495,52,29,미세먼지
2022-12-31 19:00,관악구,37.4784,126.9516,55,35,미세먼지
2022-12-31 19:00,광진구,37.5388,127.0826,52,43,초미세먼지
2022-12-31 19:00,구로구,37.4954,126.8874,49,33,미세먼지
2022-12-31 19:00,금천구,37.4569,126.8955,41,33,초미세먼지
2022-12-31 19:00,노원구,37.6543,127.0568,65,53,미세먼지
2022-12-31 19:00,도봉구,37.6688,127.0467,53,47,초미세먼지
2022-12-31 19:00,동대문구,37.5744,127.0395,58,50,초미세먼지
2022-12-31 19:00,동작구,37.5124,126.9391,49,37,미세먼지
2022-12-31 19:00,마포구,37.5663,126.9014,38,32,초미세먼지
2022-12-31 19:00,서대문구,37.5792,126.9368,44,32,미세먼지
2022-12-31 19:00,서초구,37.4836,127.0327,56,43,미세먼지
2022-12-31 19:00,성동구,37.5633,127.0369,62,40,미세먼지
2022-12-31 19:00,성북구,37.5894,127.0164,64,52,미세먼지
2022-12-31 19:00,송파구,37.5145,127.1059,55,42,미세먼지
2022-12-31 19:00,양천구,37.5168,126.8665,50,38,미세먼지
2022-12-31 19:00,영등포구,37.526,126.8961,45,33,미세먼지
2022-12-31 19:00,용산구,37.5311,126.981,56,46,미세먼지
2022-12-31 19:00,은평구,37.6027,126.9292,42,31,미세먼지
2022-12-31 19:00,종로구,37.5735,126.979,64,56,초미세먼지
2022-12-31 19:00,중구,37.5636,126.9978,65,59,초미세먼지
2022-12-31 19:00,중랑구,37.6063,127.0927,57,42,미세먼지
2022-12-31 18:00,강남구,37.5172,127.0473,55,40,미세먼지
2022-12-31 18:00,강동구,37.5301,127.1238,66,50,미세먼지
2022-12-31 18:00,강북구,37.6398,127.025,69,53,미세먼지
2022-12-31 18:00,강서구,37.5509,126.8495,52,32,미세먼지
2022-12-31 18:00,관악구,37.4784,126.9516,47,32,미세먼지
2022-12-31 18:00,광진구,37.5388,127.0826,52,42,미세먼지
2022-12-31 18:00,구로구,37.4954,126.8874,50,31,미세먼지
2022-12-31 18:00,금천구,37.4569,126.8955,40,30,미세먼지
2022-12-31 18:00,노원구,37.6543,127.0568,61,50,미세먼지
2022-12-31 18:00,도봉구,37.6688,127.0467,58,44,미세먼지
2022-12-31 18:00,동대문구,37.5744,127.0395,60,47,미세먼지
2022-12-31 18:00,동작구,37.5124,126.9391,47,37,미세먼지
2022-12-31 18:00,마포구,37.5663,126.9014,38,33,초미세먼지
2022-12-31 18:00,서대문구,37.5792,126.9368,48,36,미세먼지
2022-12-31 18:00,서초구,37.4836,127.0327,58,41,미세먼지
2022-12-31 18:00,성동구,37.5633,127.0369,61,39,미세먼지
2022-12-31 18:00,성북구,37.5894,127.0164,59,46,미세먼지
2022-12-31 18:00,송파구,37.5145,127.1059,56,43,미세먼지
2022-12-31 18:00,양천구,37.5168,126.8665,48,33,미세먼지
2022-12-31 18:00,영등포구,37.526,126.8961,45,32,미세먼지
2022-12-31 18:00,용산구,37.5311,126.981,46,38,초미세먼지
2022-12-31 18:00,은평구,37.6027,126.9292,43,33,미세먼지
2022-12-31 18:00,종로구,37.5735,126.979,65,54,미세먼지
2022-12-31 18:00,중구,37.5636,126.9978,63,55,초미세먼지
2022-12-31 18:00,중랑구,37.6063,127.0927,60,45,미세먼지
2022-12-31 17:00,강남구,37.5172,127.0473,56,42,미세먼지
2022-12-31 17:00,강동구,37.5301,127.1238,57,47,미세먼지
2022-12-31 17:00,강북구,37.6398,127.025,64,49,미세먼지
2022-12-31 17:00,강서구,37.5509,126.8495,50,27,미세먼지
2022-12-31 17:00,관악구,37.4784,126.9516,43,27,미세먼지
2022-12-31 17:00,광진구,37.5388,127.0826,52,41,미세먼지
2022-12-31 17:00,구로구,37.4954,126.8874,52,32,미세먼지
2022-12-31 17:00,금천구,37.4569,126.8955,41,31,미세먼지
2022-12-31 17:00,노원구,37.6543,127.0568,56,42,미세먼지
2022-12-31 17:00,도봉구,37.6688,127.0467,53,41,미세먼지
2022-12-31 17:00,동대문구,37.5744,127.0395,57,44,미세먼지
2022-12-31 17:00,동작구,37.5124,126.9391,47,34,미세먼지
2022-12-31 17:00,마포구,37.5663,126.9014,43,36,초미세먼지
2022-12-31 17:00,서대문구,37.5792,126.9368,45,34,미세먼지
2022-12-31 17:00,서초구,37.4836,127.0327,66,42,미세먼지
2022-12-31 17:00,성동구,37.5633,127.0369,56,39,미세먼지
2022-12-31 17:00,성북구,37.5894,127.0164,58,46,미세먼지
2022-12-31 17:00,송파구,37.5145,127.1059,53,39,미세먼지
2022-12-31 17:00,양천구,37.5168,126.8665,46,29,미세먼지
2022-12-31 17:00,영등포구,37.526,126.8961,43,32,미세먼지
2022-12-31 17:00,용산구,37.5311,126.981,45,34,미세먼지
2022-12-31 17:00,은평구,37.6027,126.9292,45,33,미세먼지
2022-12-31 17:00,종로구,37.5735,126.979,63,50,미세먼지
2022-12-31 17:00,중구,37.5636,126.9978,59,55,초미세먼지
2022-12-31 17:00,중랑구,37.6063,127.0927,56,44,미세먼지
2022-12-31 16:00,강남구,37.5172,127.0473,52,38,미세먼지
2022-12-31 16:00,강동구,37.5301,127.1238,57,46,미세먼지
2022-12-31 16:00,강북구,37.6398,127.025,61,45,미세먼지
2022-12-31 16:00,강서구,37.5509,126.8495,50,28,미세먼지
2022-12-31 16:00,관악구,37.4784,126.9516,45,29,미세먼지
2022-12-31 16:00,광진구,37.5388,127.0826,54,44,미세먼지
2022-12-31 16:00,구로구,37.4954,126.8874,45,30,미세먼지
2022-12-31 16:00,금천구,37.4569,126.8955,41,33,초미세먼지
2022-12-31 16:00,노원구,37.6543,127.0568,52,40,미세먼지
2022-12-31 16:00,도봉구,37.6688,127.0467,53,39,미세먼지
2022-12-31 16:00,동대문구,37.5744,127.0395,53,41,미세먼지
2022-12-31 16:00,동작구,37.5124,126.9391,43,31,미세먼지
2022-12-31 16:00,마포구,37.5663,126.9014,48,40,초미세먼지
2022-12-31 16:00,서대문구,37.5792,126.9368,45,35,미세먼지
2022-12-31 16:00,서초구,37.4836,127.0327,70,38,미세먼지
2022-12-31 16:00,성동구,37.5633,127.0369,54,34,미세먼지
2022-12-31 16:00,성북구,37.5894,127.0164,56,42,미세먼지
2022-12-31 16:00,송파구,37.5145,127.1059,53,39,미세먼지
2022-12-31 16:00,양천구,37.5168,126.8665,44,32,미세먼지
2022-12-31 16:00,영등포구,37.526,126.8961,45,31,미세먼지
2022-12-31 16:00,용산구,37.5311,126.981,42,31,미세먼지
2022-12-31 16:00,은평구,37.6027,126.9292,49,36,미세먼지
2022-12-31 16:00,종로구,37.5735,126.979,56,44,미세먼지
2022-12-31 16:00,중구,37.5636,126.9978,55,54,초미세먼지
2022-12-31 16:00,중랑구,37.6063,127.0927,56,45,미세먼지
2022-12-31 15:00,강남구,37.5172,127.0473,49,35,미세먼지
2022-12-31 15:00,강동구,37.5301,127.1238,55,44,미세먼지
2022-12-31 15:00,강북구,37.6398,127.025,64,44,미세먼지
2022-12-31 15:00,강서구,37.5509,126.8495,53,33,미세먼지
2022-12-31 15:00,관악구,37.4784,126.9516,45,33,미세먼지
2022-12-31 15:00,광진구,37.5388,127.0826,52,40,미세먼지
2022-12-31 15:00,구로구,37.4954,126.8874,48,34,미세먼지
2022-12-31 15:00,금천구,37.4569,126.8955,46,36,미세먼지
2022-12-31 15:00,노원구,37.6543,127.0568,50,41,초미세먼지
2022-12-31 15:00,도봉구,37.6688,127.0467,51,37,미세먼지
2022-12-31 15:00,동대문구,37.5744,127.0395,52,39,미세먼지
2022-12-31 15:00,동작구,37.5124,126.9391,48,35,미세먼지
2022-12-31 15:00,마포구,37.5663,126.9014,50,44,초미세먼지
2022-12-31 15:00,서대문구,37.5792,126.9368,47,35,미세먼지
2022-12-31 15:00,서초구,37.4836,127.0327,53,34,미세먼지
2022-12-31 15:00,성동구,37.5633,127.0369,50,33,미세먼지
2022-12-31 15:00,성북구,37.5894,127.0164,51,37,미세먼지
2022-12-31 15:00,송파구,37.5145,127.1059,53,37,미세먼지
2022-12-31 15:00,양천구,37.5168,126.8665,49,35,미세먼지
2022-12-31 15:00,영등포구,37.526,126.8961,48,34,미세먼지
2022-12-31 15:00,용산구,37.5311,126.981,43,34,초미세먼지
2022-12-31 15:00,은평구,37.6027,126.9292,52,36,미세먼지
2022-12-31 15:00,종로구,37.5735,126.979,52,43,초미세먼지
2022-12-31 15:00,중구,37.5636,126.9978,55,49,초미세먼지
2022-12-31 15:00,중랑구,37.6063,127.0927,54,41,미세먼지
2022-12-31 14:00,강남구,37.5172,127.0473,47,34,미세먼지
2022-12-31 14:00,강동구,37.5301,127.1238,56,44,미세먼지
2022-12-31 14:00,강북구,37.6398,127.025,60,44,미세먼지
2022-12-31 14:00,강서구,37.5509,126.8495,50,31,미세먼지
2022-12-31 14:00,관악구,37.4784,126.9516,48,32,미세먼지
2022-12-31 14:00,광진구,37.5388,127.0826,49,38,미세먼지
2022-12-31 14:00,구로구,37.4954,126.8874,43,29,미세먼지
2022-12-31 14:00,금천구,37.4569,126.8955,45,38,초미세먼지
2022-12-31 14:00,노원구,37.6543,127.0568,51,41,미세먼지
2022-12-31 14:00,도봉구,37.6688,127.0467,45,38,초미세먼지
2022-12-31 14:00,동대문구,37.5744,127.0395,48,34,미세먼지
2022-12-31 14:00,동작구,37.5124,126.9391,50,39,미세먼지
2022-12-31 14:00,마포구,37.5663,126.9014,47,39,초미세먼지
2022-12-31 14:00,서대문구,37.5792,126.9368,46,37,초미세먼지
2022-12-31 14:00,서초구,37.4836,127.0327,48,38,미세먼지
2022-12-31 14:00,성동구,37.5633,127.0369,47,31,미세먼지
2022-12-31 14:00,성북구,37.5894,127.0164,50,37,미세먼지
2022-12-31 14:00,송파구,37.5145,127.1059,49,37,미세먼지
2022-12-31 14:00,양천구,37.5168,126.8665,46,34,미세먼지
2022-12-31 14:00,영등포구,37.526,126.8961,44,32,미세먼지
2022-12-31 14:00,용산구,37.5311,126.981,44,35,초미세먼지
2022-12-31 14:00,은평구,37.6027,126.9292,44,35,초미세먼지
2022-12-31 14:00,종로구,37.5735,126.979,50,39,미세먼지
2022-12-31 14:00,중구,37.5636,126.9978,54,48,초미세먼지
2022-12-31 14:00,중랑구,37.6063,127.0927,53,37,미세먼지
2022-12-31 13:00,강남구,37.5172,127.0473,49,34,미세먼지
2022-12-31 13:00,강동구,37.5301,127.1238,54,45,초미세먼지
2022-12-31 13:00,강북구,37.6398,127.025,60,43,미세먼지
2022-12-31 13:00,강서구,37.5509,126.8495,54,33,미세먼지
2022-12-31 13:00,관악구,37.4784,126.9516,42,26,미세먼지
2022-12-31 13:00,광진구,37.5388,127.0826,48,38,미세먼지
2022-12-31 13:00,구로구,37.4954,126.8874,47,31,미세먼지
2022-12-31 13:00,금천구,37.4569,126.8955,44,38,초미세먼지
2022-12-31 13:00,노원구,37.6543,127.0568,50,40,미세먼지
2022-12-31 13:00,도봉구,37.6688,127.0467,46,40,초미세먼지
2022-12-31 13:00,동대문구,37.5744,127.0395,49,35,미세먼지
2022-12-31 13:00,동작구,37.5124,126.9391,46,34,미세먼지
2022-12-31 13:00,마포구,37.5663,126.9014,46,38,초미세먼지
2022-12-31 13:00,서대문구,37.5792,126.9368,44,33,미세먼지
2022-12-31 13:00,서초구,37.4836,127.0327,37,27,미세먼지
2022-12-31 13:00,성동구,37.5633,127.0369,47,29,미세먼지
2022-12-31 13:00,성북구,37.5894,127.0164,48,40,초미세먼지
2022-12-31 13:00,송파구,37.5145,127.1059,45,35,미세먼지
2022-12-31 13:00,양천구,37.5168,126.8665,47,37,미세먼지
2022-12-31 13:00,영등포구,37.526,126.8961,40,28,미세먼지
2022-12-31 13:00,용산구,37.5311,126.981,42,31,미세먼지
2022-12-31 13:00,은평구,37.6027,126.9292,46,29,미세먼지
2022-12-31 13:00,종로구,37.5735,126.979,50,42,초미세먼지
2022-12-31 13:00,중구,37.5636,126.9978,52,47,초미세먼지
2022-12-31 13:00,중랑구,37.6063,127.0927,47,37,미세먼지
2022-12-31 12:00,강남구,37.5172,127.0473,43,30,미세먼지
2022-12-31 12:00,강동구,37.5301,127.1238,57,46,미세먼지
2022-12-31 12:00,강북구,37.6398,127.025,55,38,미세먼지
2022-12-31 12:00,강서구,37.5509,126.8495,50,29,미세먼지
2022-12-31 12:00,관악구,37.4784,126.9516,38,25,미세먼지
2022-12-31 12:00,광진구,37.5388,127.0826,48,37,미세먼지
2022-12-31 12:00,구로구,37.4954,126.8874,39,23,미세먼지
2022-12-31 12:00,금천구,37.4569,126.8955,37,32,초미세먼지
2022-12-31 12:00,노원구,37.6543,127.0568,41,33,초미세먼지
2022-12-31 12:00,도봉구,37.6688,127.0467,43,34,초미세먼지
2022-12-31 12:00,동대문구,37.5744,127.0395,49,34,미세먼지
2022-12-31 12:00,동작구,37.5124,126.9391,41,28,미세먼지
2022-12-31 12:00,마포구,37.5663,126.9014,41,36,초미세먼지
2022-12-31 12:00,서대문구,37.5792,126.9368,39,26,미세먼지
2022-12-31 12:00,서초구,37.4836,127.0327,29,21,초미세먼지
2022-12-31 12:00,성동구,37.5633,127.0369,45,27,미세먼지
2022-12-31 12:00,성북구,37.5894,127.0164,48,39,초미세먼지
2022-12-31 12:00,송파구,37.5145,127.1059,47,34,미세먼지
2022-12-31 12:00,양천구,37.5168,126.8665,43,34,초미세먼지
2022-12-31 12:00,영등포구,37.526,126.8961,36,25,미세먼지
2022-12-31 12:00,용산구,37.5311,126.981,43,33,미세먼지
2022-12-31 12:00,은평구,37.6027,126.9292,39,31,초미세먼지
2022-12-31 12:00,종로구,37.5735,126.979,49,40,초미세먼지
2022-12-31 12:00,중구,37.5636,126.9978,48,44,초미세먼지
2022-12-31 12:00,중랑구,37.6063,127.0927,47,38,초미세먼지
2022-12-31 11:00,강남구,37.5172,127.0473,40,28,미세먼지
2022-12-31 11:00,강동구,37.5301,127.1238,50,40,미세먼지
2022-12-31 11:00,강북구,37.6398,127.025,50,35,미세먼지
2022-12-31 11:00,강서구,37.5509,126.8495,44,25,미세먼지
2022-12-31 11:00,관악구,37.4784,126.9516,33,19,미세먼지
2022-12-31 11:00,광진구,37.5388,127.0826,45,35,미세먼지
2022-12-31 11:00,구로구,37.4954,126.8874,35,26,초미세먼지
2022-12-31 11:00,금천구,37.4569,126.8955,32,25,초미세먼지
2022-12-31 11:00,노원구,37.6543,127.0568,44,37,초미세먼지
2022-12-31 11:00,도봉구,37.6688,127.0467,40,36,초미세먼지
2022-12-31 11:00,동대문구,37.5744,127.0395,44,31,미세먼지
2022-12-31 11:00,동작구,37.5124,126.9391,42,30,미세먼지
2022-12-31 11:00,마포구,37.5663,126.9014,40,33,초미세먼지
2022-12-31 11:00,서대문구,37.5792,126.9368,36,27,초미세먼지
2022-12-31 11:00,서초구,37.4836,127.0327,36,26,미세먼지
2022-12-31 11:00,성동구,37.5633,127.0369,46,29,미세먼지
2022-12-31 11:00,성북구,37.5894,127.0164,44,32,미세먼지
2022-12-31 11:00,송파구,37.5145,127.1059,44,29,미세먼지
2022-12-31 11:00,양천구,37.5168,126.8665,34,24,미세먼지
2022-12-31 11:00,영등포구,37.526,126.8961,41,26,미세먼지
2022-12-31 11:00,용산구,37.5311,126.981,42,33,초미세먼지
2022-12-31 11:00,은평구,37.6027,126.9292,37,24,미세먼지
2022-12-31 11:00,종로구,37.5735,126.979,43,35,초미세먼지
2022-12-31 11:00,중구,37.5636,126.9978,44,39,초미세먼지
2022-12-31 11:00,중랑구,37.6063,127.0927,46,34,미세먼지
2022-12-31 10:00,강남구,37.5172,127.0473,36,25,미세먼지
2022-12-31 10:00,강동구,37.5301,127.1238,47,36,미세먼지
2022-12-31 10:00,강북구,37.6398,127.025,40,25,미세먼지
2022-12-31 10:00,강서구,37.5509,126.8495,43,26,미세먼지
2022-12-31 10:00,관악구,37.4784,126.9516,37,21,미세먼지
2022-12-31 10:00,광진구,37.5388,127.0826,42,30,미세먼지
2022-12-31 10:00,구로구,37.4954,126.8874,35,23,미세먼지
2022-12-31 10:00,금천구,37.4569,126.8955,32,25,초미세먼지
2022-12-31 10:00,노원구,37.6543,127.0568,41,32,초미세먼지
2022-12-31 10:00,도봉구,37.6688,127.0467,36,29,초미세먼지
2022-12-31 10:00,동대문구,37.5744,127.0395,38,25,미세먼지
2022-12-31 10:00,동작구,37.5124,126.9391,38,28,미세먼지
2022-12-31 10:00,마포구,37.5663,126.9014,36,30,초미세먼지
2022-12-31 10:00,서대문구,37.5792,126.9368,32,24,초미세먼지
2022-12-31 10:00,서초구,37.4836,127.0327,34,26,초미세먼지
2022-12-31 10:00,성동구,37.5633,127.0369,43,25,미세먼지
2022-12-31 10:00,성북구,37.5894,127.0164,39,29,미세먼지
2022-12-31 10:00,송파구,37.5145,127.1059,40,33,초미세먼지
2022-12-31 10:00,양천구,37.5168,126.8665,33,27,초미세먼지
2022-12-31 10:00,영등포구,37.526,126.8961,37,24,미세먼지
2022-12-31 10:00,용산구,37.5311,126.981,38,29,초미세먼지
2022-12-31 10:00,은평구,37.6027,126.9292,35,23,미세먼지
2022-12-31 10:00,종로구,37.5735,126.979,39,30,초미세먼지
2022-12-31 10:00,중구,37.5636,126.9978,37,35,초미세먼지
2022-12-31 10:00,중랑구,37.6063,127.0927,42,32,미세먼지
2022-12-31 9:00,강남구,37.5172,127.0473,35,25,미세먼지
2022-12-31 9:00,강동구,37.5301,127.1238,40,34,초미세먼지
2022-12-31 9:00,강북구,37.6398,127.025,35,23,미세먼지
2022-12-31 9:00,강서구,37.5509,126.8495,46,29,미세먼지
2022-12-31 9:00,관악구,37.4784,126.9516,24,15,초미세먼지
2022-12-31 9:00,광진구,37.5388,127.0826,37,27,미세먼지
2022-12-31 9:00,구로구,37.4954,126.8874,31,20,미세먼지
2022-12-31 9:00,금천구,37.4569,126.8955,26,22,초미세먼지
2022-12-31 9:00,노원구,37.6543,127.0568,44,31,미세먼지
2022-12-31 9:00,도봉구,37.6688,127.0467,34,27,초미세먼지
2022-12-31 9:00,동대문구,37.5744,127.0395,35,24,미세먼지
2022-12-31 9:00,동작구,37.5124,126.9391,37,26,미세먼지
2022-12-31 9:00,마포구,37.5663,126.9014,33,27,초미세먼지
2022-12-31 9:00,서대문구,37.5792,126.9368,38,25,미세먼지
2022-12-31 9:00,서초구,37.4836,127.0327,32,23,초미세먼지
2022-12-31 9:00,성동구,37.5633,127.0369,40,26,미세먼지
2022-12-31 9:00,성북구,37.5894,127.0164,36,25,미세먼지
2022-12-31 9:00,송파구,37.5145,127.1059,37,25,미세먼지
2022-12-31 9:00,양천구,37.5168,126.8665,33,27,초미세먼지
2022-12-31 9:00,영등포구,37.526,126.8961,32,20,미세먼지
2022-12-31 9:00,용산구,37.5311,126.981,35,28,초미세먼지
2022-12-31 9:00,은평구,37.6027,126.9292,31,19,미세먼지
2022-12-31 9:00,종로구,37.5735,126.979,34,28,초미세먼지
2022-12-31 9:00,중구,37.5636,126.9978,38,33,초미세먼지
2022-12-31 9:00,중랑구,37.6063,127.0927,39,30,초미세먼지
2022-12-31 8:00,강남구,37.5172,127.0473,33,24,초미세먼지
2022-12-31 8:00,강동구,37.5301,127.1238,38,30,초미세먼지
2022-12-31 8:00,강북구,37.6398,127.025,31,21,미세먼지
2022-12-31 8:00,강서구,37.5509,126.8495,46,29,미세먼지
2022-12-31 8:00,관악구,37.4784,126.9516,30,20,미세먼지
2022-12-31 8:00,광진구,37.5388,127.0826,37,29,초미세먼지
2022-12-31 8:00,구로구,37.4954,126.8874,28,21,초미세먼지
2022-12-31 8:00,금천구,37.4569,126.8955,28,22,초미세먼지
2022-12-31 8:00,노원구,37.6543,127.0568,38,27,미세먼지
2022-12-31 8:00,도봉구,37.6688,127.0467,31,23,초미세먼지
2022-12-31 8:00,동대문구,37.5744,127.0395,35,25,미세먼지
2022-12-31 8:00,동작구,37.5124,126.9391,38,27,미세먼지
2022-12-31 8:00,마포구,37.5663,126.9014,32,25,초미세먼지
2022-12-31 8:00,서대문구,37.5792,126.9368,34,18,미세먼지
2022-12-31 8:00,서초구,37.4836,127.0327,23,17,초미세먼지
2022-12-31 8:00,성동구,37.5633,127.0369,36,24,미세먼지
2022-12-31 8:00,성북구,37.5894,127.0164,30,25,초미세먼지
2022-12-31 8:00,송파구,37.5145,127.1059,37,29,초미세먼지
2022-12-31 8:00,양천구,37.5168,126.8665,34,27,초미세먼지
2022-12-31 8:00,영등포구,37.526,126.8961,34,21,미세먼지
2022-12-31 8:00,용산구,37.5311,126.981,31,28,초미세먼지
2022-12-31 8:00,은평구,37.6027,126.9292,33,19,미세먼지
2022-12-31 8:00,종로구,37.5735,126.979,34,28,초미세먼지
2022-12-31 8:00,중구,37.5636,126.9978,35,33,초미세먼지
2022-12-31 8:00,중랑구,37.6063,127.0927,37,32,초미세먼지
2022-12-31 7:00,강남구,37.5172,127.0473,36,24,미세먼지
2022-12-31 7:00,강동구,37.5301,127.1238,38,31,초미세먼지
2022-12-31 7:00,강북구,37.6398,127.025,35,22,미세먼지
2022-12-31 7:00,강서구,37.5509,126.8495,49,32,미세먼지
2022-12-31 7:00,관악구,37.4784,126.9516,23,17,초미세먼지
2022-12-31 7:00,광진구,37.5388,127.0826,35,28,초미세먼지
2022-12-31 7:00,구로구,37.4954,126.8874,38,25,미세먼지
2022-12-31 7:00,금천구,37.4569,126.8955,25,23,초미세먼지
2022-12-31 7:00,노원구,37.6543,127.0568,38,27,미세먼지
2022-12-31 7:00,도봉구,37.6688,127.0467,30,19,미세먼지
2022-12-31 7:00,동대문구,37.5744,127.0395,37,25,미세먼지
2022-12-31 7:00,동작구,37.5124,126.9391,34,25,초미세먼지
2022-12-31 7:00,마포구,37.5663,126.9014,33,26,초미세먼지
2022-12-31 7:00,서대문구,37.5792,126.9368,35,23,미세먼지
2022-12-31 7:00,서초구,37.4836,127.0327,26,19,초미세먼지
2022-12-31 7:00,성동구,37.5633,127.0369,37,25,미세먼지
2022-12-31 7:00,성북구,37.5894,127.0164,35,30,초미세먼지
2022-12-31 7:00,송파구,37.5145,127.1059,36,28,초미세먼지
2022-12-31 7:00,양천구,37.5168,126.8665,39,32,초미세먼지
2022-12-31 7:00,영등포구,37.526,126.8961,33,21,미세먼지
2022-12-31 7:00,용산구,37.5311,126.981,30,28,초미세먼지
2022-12-31 7:00,은평구,37.6027,126.9292,27,16,미세먼지
2022-12-31 7:00,종로구,37.5735,126.979,36,30,초미세먼지
2022-12-31 7:00,중구,37.5636,126.9978,35,32,초미세먼지
2022-12-31 7:00,중랑구,37.6063,127.0927,37,32,초미세먼지
2022-12-31 6:00,강남구,37.5172,127.0473,32,24,초미세먼지
2022-12-31 6:00,강동구,37.5301,127.1238,39,29,미세먼지
2022-12-31 6:00,강북구,37.6398,127.025,30,20,미세먼지
2022-12-31 6:00,강서구,37.5509,126.8495,47,27,미세먼지
2022-12-31 6:00,관악구,37.4784,126.9516,39,26,미세먼지
2022-12-31 6:00,광진구,37.5388,127.0826,36,28,초미세먼지
2022-12-31 6:00,구로구,37.4954,126.8874,33,22,미세먼지
2022-12-31 6:00,금천구,37.4569,126.8955,26,22,초미세먼지
2022-12-31 6:00,노원구,37.6543,127.0568,35,27,초미세먼지
2022-12-31 6:00,도봉구,37.6688,127.0467,26,23,초미세먼지
2022-12-31 6:00,동대문구,37.5744,127.0395,33,24,초미세먼지
2022-12-31 6:00,동작구,37.5124,126.9391,30,25,초미세먼지
2022-12-31 6:00,마포구,37.5663,126.9014,36,30,초미세먼지
2022-12-31 6:00,서대문구,37.5792,126.9368,32,17,미세먼지
2022-12-31 6:00,서초구,37.4836,127.0327,27,22,초미세먼지
2022-12-31 6:00,성동구,37.5633,127.0369,37,23,미세먼지
2022-12-31 6:00,성북구,37.5894,127.0164,29,25,초미세먼지
2022-12-31 6:00,송파구,37.5145,127.1059,37,31,초미세먼지
2022-12-31 6:00,양천구,37.5168,126.8665,42,31,미세먼지
2022-12-31 6:00,영등포구,37.526,126.8961,33,25,초미세먼지
2022-12-31 6:00,용산구,37.5311,126.981,28,25,초미세먼지
2022-12-31 6:00,은평구,37.6027,126.9292,28,16,미세먼지
2022-12-31 6:00,종로구,37.5735,126.979,32,27,초미세먼지
2022-12-31 6:00,중구,37.5636,126.9978,36,29,초미세먼지
2022-12-31 6:00,중랑구,37.6063,127.0927,40,28,미세먼지
2022-12-31 5:00,강남구,37.5172,127.0473,34,24,미세먼지
2022-12-31 5:00,강동구,37.5301,127.1238,40,32,초미세먼지
2022-12-31 5:00,강북구,37.6398,127.025,29,21,초미세먼지
2022-12-31 5:00,강서구,37.5509,126.8495,43,29,미세먼지
2022-12-31 5:00,관악구,37.4784,126.9516,29,20,초미세먼지
2022-12-31 5:00,광진구,37.5388,127.0826,36,29,초미세먼지
2022-12-31 5:00,구로구,37.4954,126.8874,38,28,미세먼지
2022-12-31 5:00,금천구,37.4569,126.8955,27,23,초미세먼지
2022-12-31 5:00,노원구,37.6543,127.0568,34,25,초미세먼지
2022-12-31 5:00,도봉구,37.6688,127.0467,24,18,초미세먼지
2022-12-31 5:00,동대문구,37.5744,127.0395,32,24,초미세먼지
2022-12-31 5:00,동작구,37.5124,126.9391,31,22,초미세먼지
2022-12-31 5:00,마포구,37.5663,126.9014,35,31,초미세먼지
2022-12-31 5:00,서대문구,37.5792,126.9368,33,18,미세먼지
2022-12-31 5:00,서초구,37.4836,127.0327,28,20,초미세먼지
2022-12-31 5:00,성동구,37.5633,127.0369,38,24,미세먼지
2022-12-31 5:00,성북구,37.5894,127.0164,25,23,초미세먼지
2022-12-31 5:00,송파구,37.5145,127.1059,38,28,미세먼지
2022-12-31 5:00,양천구,37.5168,126.8665,40,31,초미세먼지
2022-12-31 5:00,영등포구,37.526,126.8961,34,22,미세먼지
2022-12-31 5:00,용산구,37.5311,126.981,34,29,초미세먼지
2022-12-31 5:00,은평구,37.6027,126.9292,27,14,미세먼지
2022-12-31 5:00,종로구,37.5735,126.979,31,29,초미세먼지
2022-12-31 5:00,중구,37.5636,126.9978,35,27,초미세먼지
2022-12-31 5:00,중랑구,37.6063,127.0927,35,27,초미세먼지
2022-12-31 4:00,강남구,37.5172,127.0473,32,23,초미세먼지
2022-12-31 4:00,강동구,37.5301,127.1238,39,31,초미세먼지
2022-12-31 4:00,강북구,37.6398,127.025,28,18,미세먼지
2022-12-31 4:00,강서구,37.5509,126.8495,42,29,미세먼지
2022-12-31 4:00,관악구,37.4784,126.9516,41,28,미세먼지
2022-12-31 4:00,광진구,37.5388,127.0826,33,25,초미세먼지
2022-12-31 4:00,구로구,37.4954,126.8874,42,27,미세먼지
2022-12-31 4:00,금천구,37.4569,126.8955,29,24,초미세먼지
2022-12-31 4:00,노원구,37.6543,127.0568,30,23,초미세먼지
2022-12-31 4:00,도봉구,37.6688,127.0467,27,20,초미세먼지
2022-12-31 4:00,동대문구,37.5744,127.0395,33,25,초미세먼지
2022-12-31 4:00,동작구,37.5124,126.9391,30,22,초미세먼지
2022-12-31 4:00,마포구,37.5663,126.9014,39,30,초미세먼지
2022-12-31 4:00,서대문구,37.5792,126.9368,25,17,초미세먼지
2022-12-31 4:00,서초구,37.4836,127.0327,28,22,초미세먼지
2022-12-31 4:00,성동구,37.5633,127.0369,36,23,미세먼지
2022-12-31 4:00,성북구,37.5894,127.0164,26,21,초미세먼지
2022-12-31 4:00,송파구,37.5145,127.1059,37,24,미세먼지
2022-12-31 4:00,양천구,37.5168,126.8665,40,30,미세먼지
2022-12-31 4:00,영등포구,37.526,126.8961,35,22,미세먼지
2022-12-31 4:00,용산구,37.5311,126.981,34,28,초미세먼지
2022-12-31 4:00,은평구,37.6027,126.9292,28,17,미세먼지
2022-12-31 4:00,종로구,37.5735,126.979,31,25,초미세먼지
2022-12-31 4:00,중구,37.5636,126.9978,30,26,초미세먼지
2022-12-31 4:00,중랑구,37.6063,127.0927,35,25,미세먼지
2022-12-31 3:00,강남구,37.5172,127.0473,34,22,미세먼지
2022-12-31 3:00,강동구,37.5301,127.1238,39,29,미세먼지
2022-12-31 3:00,강북구,37.6398,127.025,28,17,미세먼지
2022-12-31 3:00,강서구,37.5509,126.8495,46,30,미세먼지
2022-12-31 3:00,관악구,37.4784,126.9516,33,22,미세먼지
2022-12-31 3:00,광진구,37.5388,127.0826,35,24,미세먼지
2022-12-31 3:00,구로구,37.4954,126.8874,38,27,미세먼지
2022-12-31 3:00,금천구,37.4569,126.8955,33,26,초미세먼지
2022-12-31 3:00,노원구,37.6543,127.0568,33,24,초미세먼지
2022-12-31 3:00,도봉구,37.6688,127.0467,21,13,초미세먼지
2022-12-31 3:00,동대문구,37.5744,127.0395,30,24,초미세먼지
2022-12-31 3:00,동작구,37.5124,126.9391,32,23,초미세먼지
2022-12-31 3:00,마포구,37.5663,126.9014,37,31,초미세먼지
2022-12-31 3:00,서대문구,37.5792,126.9368,34,23,미세먼지
2022-12-31 3:00,서초구,37.4836,127.0327,33,21,미세먼지
2022-12-31 3:00,성동구,37.5633,127.0369,35,20,미세먼지
2022-12-31 3:00,성북구,37.5894,127.0164,27,23,초미세먼지
2022-12-31 3:00,송파구,37.5145,127.1059,38,35,초미세먼지
2022-12-31 3:00,양천구,37.5168,126.8665,38,28,미세먼지
2022-12-31 3:00,영등포구,37.526,126.8961,40,25,미세먼지
2022-12-31 3:00,용산구,37.5311,126.981,38,28,미세먼지
2022-12-31 3:00,은평구,37.6027,126.9292,29,16,미세먼지
2022-12-31 3:00,종로구,37.5735,126.979,33,29,초미세먼지
2022-12-31 3:00,중구,37.5636,126.9978,35,31,초미세먼지
2022-12-31 3:00,중랑구,37.6063,127.0927,29,25,초미세먼지
2022-12-31 2:00,강남구,37.5172,127.0473,34,24,미세먼지
2022-12-31 2:00,강동구,37.5301,127.1238,38,26,미세먼지
2022-12-31 2:00,강북구,37.6398,127.025,29,19,미세먼지
2022-12-31 2:00,강서구,37.5509,126.8495,48,29,미세먼지
2022-12-31 2:00,관악구,37.4784,126.9516,43,28,미세먼지
2022-12-31 2:00,광진구,37.5388,127.0826,32,25,초미세먼지
2022-12-31 2:00,구로구,37.4954,126.8874,36,25,미세먼지
2022-12-31 2:00,금천구,37.4569,126.8955,32,27,초미세먼지
2022-12-31 2:00,노원구,37.6543,127.0568,34,24,미세먼지
2022-12-31 2:00,도봉구,37.6688,127.0467,23,21,초미세먼지
2022-12-31 2:00,동대문구,37.5744,127.0395,36,25,미세먼지
2022-12-31 2:00,동작구,37.5124,126.9391,41,30,미세먼지
2022-12-31 2:00,마포구,37.5663,126.9014,37,30,초미세먼지
2022-12-31 2:00,서대문구,37.5792,126.9368,40,31,초미세먼지
2022-12-31 2:00,서초구,37.4836,127.0327,34,26,초미세먼지
2022-12-31 2:00,성동구,37.5633,127.0369,38,23,미세먼지
2022-12-31 2:00,성북구,37.5894,127.0164,28,19,초미세먼지
2022-12-31 2:00,송파구,37.5145,127.1059,40,30,미세먼지
2022-12-31 2:00,양천구,37.5168,126.8665,41,33,초미세먼지
2022-12-31 2:00,영등포구,37.526,126.8961,38,26,미세먼지
2022-12-31 2:00,용산구,37.5311,126.981,39,30,초미세먼지
2022-12-31 2:00,은평구,37.6027,126.9292,25,15,미세먼지
2022-12-31 2:00,종로구,37.5735,126.979,38,32,초미세먼지
2022-12-31 2:00,중구,37.5636,126.9978,40,31,초미세먼지
2022-12-31 2:00,중랑구,37.6063,127.0927,30,24,초미세먼지
2022-12-31 1:00,강남구,37.5172,127.0473,40,29,미세먼지
2022-12-31 1:00,강동구,37.5301,127.1238,37,30,초미세먼지
2022-12-31 1:00,강북구,37.6398,127.025,29,21,초미세먼지
2022-12-31 1:00,강서구,37.5509,126.8495,50,32,미세먼지
2022-12-31 1:00,관악구,37.4784,126.9516,51,35,미세먼지
2022-12-31 1:00,광진구,37.5388,127.0826,34,26,초미세먼지
2022-12-31 1:00,구로구,37.4954,126.8874,39,24,미세먼지
2022-12-31 1:00,금천구,37.4569,126.8955,35,28,초미세먼지
2022-12-31 1:00,노원구,37.6543,127.0568,36,26,미세먼지
2022-12-31 1:00,도봉구,37.6688,127.0467,26,19,초미세먼지
2022-12-31 1:00,동대문구,37.5744,127.0395,39,27,미세먼지
2022-12-31 1:00,동작구,37.5124,126.9391,43,30,미세먼지
2022-12-31 1:00,마포구,37.5663,126.9014,38,30,초미세먼지
2022-12-31 1:00,서대문구,37.5792,126.9368,48,31,미세먼지
2022-12-31 1:00,서초구,37.4836,127.0327,32,26,초미세먼지
2022-12-31 1:00,성동구,37.5633,127.0369,37,24,미세먼지
2022-12-31 1:00,성북구,37.5894,127.0164,31,21,미세먼지
2022-12-31 1:00,송파구,37.5145,127.1059,37,28,초미세먼지
2022-12-31 1:00,양천구,37.5168,126.8665,43,33,미세먼지
2022-12-31 1:00,영등포구,37.526,126.8961,36,26,미세먼지
2022-12-31 1:00,용산구,37.5311,126.981,40,29,미세먼지
2022-12-31 1:00,은평구,37.6027,126.9292,32,17,미세먼지
2022-12-31 1:00,종로구,37.5735,126.979,40,32,초미세먼지
2022-12-31 1:00,중구,37.5636,126.9978,39,37,초미세먼지
2022-12-31 1:00,중랑구,37.6063,127.0927,29,24,초미세먼지
2022-12-31 0:00,강남구,37.5172,127.0473,34,24,미세먼지
2022-12-31 0:00,강동구,37.5301,127.1238,35,25,미세먼지
2022-12-31 0:00,강북구,37.6398,127.025,25,18,초미세먼지
2022-12-31 0:00,강서구,37.5509,126.8495,53,34,미세먼지
2022-12-31 0:00,관악구,37.4784,126.9516,40,28,미세먼지
2022-12-31 0:00,광진구,37.5388,127.0826,33,24,초미세먼지
2022-12-31 0:00,구로구,37.4954,126.8874,39,27,미세먼지
2022-12-31 0:00,금천구,37.4569,126.8955,33,27,초미세먼지
2022-12-31 0:00,노원구,37.6543,127.0568,36,25,미세먼지
2022-12-31 0:00,도봉구,37.6688,127.0467,19,17,초미세먼지
2022-12-31 0:00,동대문구,37.5744,127.0395,38,26,미세먼지
2022-12-31 0:00,동작구,37.5124,126.9391,40,32,초미세먼지
2022-12-31 0:00,마포구,37.5663,126.9014,38,30,초미세먼지
2022-12-31 0:00,서대문구,37.5792,126.9368,39,28,미세먼지
2022-12-31 0:00,서초구,37.4836,127.0327,35,25,미세먼지
2022-12-31 0:00,성동구,37.5633,127.0369,36,23,미세먼지
2022-12-31 0:00,성북구,37.5894,127.0164,27,21,초미세먼지
2022-12-31 0:00,송파구,37.5145,127.1059,35,26,초미세먼지
2022-12-31 0:00,양천구,37.5168,126.8665,43,34,초미세먼지
2022-12-31 0:00,영등포구,37.526,126.8961,36,25,미세먼지
2022-12-31 0:00,용산구,37.5311,126.981,37,30,초미세먼지
2022-12-31 0:00,은평구,37.6027,126.9292,32,20,미세먼지
2022-12-31 0:00,종로구,37.5735,126.979,37,30,초미세먼지
2022-12-31 0:00,중구,37.5636,126.9978,39,34,초미세먼지
2022-12-31 0:00,중랑구,37.6063,127.0927,24,18,초미세먼지
